{"cameraMode":{"drawMode":0,"name":"Shaded","section":"Shading Mode"},"sceneLighting":false,"audioPlay":false,"sceneViewState":{"m_AlwaysRefresh":false,"showFog":true,"showSkybox":true,"showFlares":true,"showImageEffects":true,"showParticleSystems":true,"showVisualEffectGraphs":true,"m_FxEnabled":true},"in2DMode":false,"pivot":{"x":-8.384218215942383,"y":-36.97931671142578,"z":59.50164794921875},"rotation":{"x":0.23488600552082063,"y":-0.040510330349206927,"z":0.009795629419386387,"w":0.9711374640464783},"size":61.61730194091797,"orthographic":false}