{"cameraMode":{"drawMode":0,"name":"Shaded","section":"Shading Mode"},"sceneLighting":true,"audioPlay":false,"sceneViewState":{"m_AlwaysRefresh":false,"showFog":true,"showSkybox":true,"showFlares":true,"showImageEffects":true,"showParticleSystems":true,"showVisualEffectGraphs":true,"m_FxEnabled":true},"in2DMode":false,"pivot":{"x":-3.0121912956237795,"y":-3.391511917114258,"z":19.58070945739746},"rotation":{"x":0.11226151883602143,"y":0.002981393365189433,"z":-0.0003403570153750479,"w":0.9936660528182983},"size":17.778583526611329,"orthographic":false}