{"cameraMode":{"drawMode":0,"name":"Shaded","section":"Shading Mode"},"sceneLighting":false,"audioPlay":false,"sceneViewState":{"m_AlwaysRefresh":false,"showFog":true,"showSkybox":true,"showFlares":true,"showImageEffects":true,"showParticleSystems":true,"showVisualEffectGraphs":true,"m_FxEnabled":true},"in2DMode":false,"pivot":{"x":-2.119723320007324,"y":0.9426774978637695,"z":3.280986785888672},"rotation":{"x":0.11961309611797333,"y":0.04019758105278015,"z":-0.004849661141633987,"w":0.9919982552528381},"size":19.602584838867189,"orthographic":true}