{"cameraMode":{"drawMode":0,"name":"Shaded","section":"Shading Mode"},"sceneLighting":false,"audioPlay":false,"sceneViewState":{"m_AlwaysRefresh":false,"showFog":true,"showSkybox":true,"showFlares":true,"showImageEffects":true,"showParticleSystems":true,"showVisualEffectGraphs":true,"m_FxEnabled":true},"in2DMode":false,"pivot":{"x":-2.099700689315796,"y":11.785749435424805,"z":-46.08678436279297},"rotation":{"x":-0.021305164322257043,"y":-0.01589871756732464,"z":0.0003387903270777315,"w":-0.9996451735496521},"size":0.5083027482032776,"orthographic":false}