{"cameraMode":{"drawMode":0,"name":"Shaded","section":"Shading Mode"},"sceneLighting":false,"audioPlay":false,"sceneViewState":{"m_AlwaysRefresh":false,"showFog":true,"showSkybox":true,"showFlares":true,"showImageEffects":true,"showParticleSystems":true,"showVisualEffectGraphs":true,"m_FxEnabled":true},"in2DMode":false,"pivot":{"x":1.3562570810317994,"y":-0.1386411190032959,"z":4.460708141326904},"rotation":{"x":0.18487712740898133,"y":-0.02358400635421276,"z":0.004436136223375797,"w":0.9824729561805725},"size":22.456926345825197,"orthographic":true}